material,grade,subject,category,subcategory
Menjaga dan menerampilkan hafalan surat-surat Al-Qu'an pada jenjang sebelumnya,13,ALIM,Hafalan,Hafalan surat-surat Al-Quran
Menjaga dan menerampilkan hafalan doa-doa harian pada jenjang sebelumnya,13,ALIM,Hafalan,Hafalan doa-doa harian
Menampilkan hafalan dalil pada jenjang sebelumnya,13,ALIM,Hafalan,Dalil
Dasar-dasar aqidah,13,ALIM,Keilmuan,Dasar Keagamaan
"Rukun iman, rukun islam dan ihsan",13,ALIM,Keilmuan,Dasar Keagamaan
Pengertian Qur'an Hadits Jamaah,13,ALIM,Keilmuan,Dasar Keagamaan
"Ilmu manqul, musnad, muttashil",13,ALIM,Keilmuan,Dasar Keagamaan
Kemurnian ibadah,13,ALIM,Keilmuan,Dasar Keagamaan
Pengetahuan wajibnya taat dan haromnya maksiat,13,ALIM,Keilmuan,Dasar Keagamaan
Pengetahuan hukum halAl-harom,13,ALIM,Keilmuan,Dasar Keagamaan
Thoharoh dan sholat,13,ALIM,Keilmuan,Dasar Keagamaan
Mandi junub,13,ALIM,Keilmuan,Dasar Keagamaan
"Hukum haid, mani, madzi, dan wadhi",13,ALIM,Keilmuan,Dasar Keagamaan
"Sholat sunnah: Rowatib, dluha, tahajjud, tasbih, hajat, dan istikhoroh",13,ALIM,Keilmuan,Dasar Keagamaan
Puasa Romadhon,13,ALIM,Keilmuan,Dasar Keagamaan
Kefadlolan puasa dan hal-hal yang diperbolehkan serta membatalkan puasa,13,ALIM,Keilmuan,Dasar Keagamaan
Puasa sunah,13,ALIM,Keilmuan,Dasar Keagamaan
Hukum mahrom,13,ALIM,Keilmuan,Dasar Keagamaan
Aurot,13,ALIM,Keilmuan,Dasar Keagamaan
1,13,ALIM,Al-Qur'an,Juz 1
2,13,ALIM,Al-Qur'an,Juz 1
3,13,ALIM,Al-Qur'an,Juz 1
4,13,ALIM,Al-Qur'an,Juz 1
5,13,ALIM,Al-Qur'an,Juz 1
6,13,ALIM,Al-Qur'an,Juz 1
7,13,ALIM,Al-Qur'an,Juz 1
8,13,ALIM,Al-Qur'an,Juz 1
9,13,ALIM,Al-Qur'an,Juz 1
10,13,ALIM,Al-Qur'an,Juz 1
11,13,ALIM,Al-Qur'an,Juz 1
12,13,ALIM,Al-Qur'an,Juz 1
13,13,ALIM,Al-Qur'an,Juz 1
14,13,ALIM,Al-Qur'an,Juz 1
15,13,ALIM,Al-Qur'an,Juz 1
16,13,ALIM,Al-Qur'an,Juz 1
17,13,ALIM,Al-Qur'an,Juz 1
18,13,ALIM,Al-Qur'an,Juz 1
19,13,ALIM,Al-Qur'an,Juz 1
20,13,ALIM,Al-Qur'an,Juz 1
21,13,ALIM,Al-Qur'an,Juz 1
22,13,ALIM,Al-Qur'an,Juz 2
23,13,ALIM,Al-Qur'an,Juz 2
24,13,ALIM,Al-Qur'an,Juz 2
25,13,ALIM,Al-Qur'an,Juz 2
26,13,ALIM,Al-Qur'an,Juz 2
27,13,ALIM,Al-Qur'an,Juz 2
28,13,ALIM,Al-Qur'an,Juz 2
29,13,ALIM,Al-Qur'an,Juz 2
30,13,ALIM,Al-Qur'an,Juz 2
31,13,ALIM,Al-Qur'an,Juz 2
32,13,ALIM,Al-Qur'an,Juz 2
33,13,ALIM,Al-Qur'an,Juz 2
34,13,ALIM,Al-Qur'an,Juz 2
35,13,ALIM,Al-Qur'an,Juz 2
36,13,ALIM,Al-Qur'an,Juz 2
37,13,ALIM,Al-Qur'an,Juz 2
38,13,ALIM,Al-Qur'an,Juz 2
39,13,ALIM,Al-Qur'an,Juz 2
40,13,ALIM,Al-Qur'an,Juz 2
41,13,ALIM,Al-Qur'an,Juz 2
42,13,ALIM,Al-Qur'an,Juz 3
43,13,ALIM,Al-Qur'an,Juz 3
44,13,ALIM,Al-Qur'an,Juz 3
45,13,ALIM,Al-Qur'an,Juz 3
46,13,ALIM,Al-Qur'an,Juz 3
47,13,ALIM,Al-Qur'an,Juz 3
48,13,ALIM,Al-Qur'an,Juz 3
49,13,ALIM,Al-Qur'an,Juz 3
50,13,ALIM,Al-Qur'an,Juz 3
51,13,ALIM,Al-Qur'an,Juz 3
52,13,ALIM,Al-Qur'an,Juz 3
53,13,ALIM,Al-Qur'an,Juz 3
54,13,ALIM,Al-Qur'an,Juz 3
55,13,ALIM,Al-Qur'an,Juz 3
56,13,ALIM,Al-Qur'an,Juz 3
57,13,ALIM,Al-Qur'an,Juz 3
58,13,ALIM,Al-Qur'an,Juz 3
59,13,ALIM,Al-Qur'an,Juz 3
60,13,ALIM,Al-Qur'an,Juz 3
61,13,ALIM,Al-Qur'an,Juz 3
62,13,ALIM,Al-Qur'an,Juz 4
63,13,ALIM,Al-Qur'an,Juz 4
64,13,ALIM,Al-Qur'an,Juz 4
65,13,ALIM,Al-Qur'an,Juz 4
66,13,ALIM,Al-Qur'an,Juz 4
67,13,ALIM,Al-Qur'an,Juz 4
68,13,ALIM,Al-Qur'an,Juz 4
69,13,ALIM,Al-Qur'an,Juz 4
70,13,ALIM,Al-Qur'an,Juz 4
71,13,ALIM,Al-Qur'an,Juz 4
72,13,ALIM,Al-Qur'an,Juz 4
73,13,ALIM,Al-Qur'an,Juz 4
74,13,ALIM,Al-Qur'an,Juz 4
75,13,ALIM,Al-Qur'an,Juz 4
76,13,ALIM,Al-Qur'an,Juz 4
77,13,ALIM,Al-Qur'an,Juz 4
78,13,ALIM,Al-Qur'an,Juz 4
79,13,ALIM,Al-Qur'an,Juz 4
80,13,ALIM,Al-Qur'an,Juz 4
81,13,ALIM,Al-Qur'an,Juz 4
1,13,ALIM,Hadits,Kitabul Manasikil Haji
2,13,ALIM,Hadits,Kitabul Manasikil Haji
3,13,ALIM,Hadits,Kitabul Manasikil Haji
4,13,ALIM,Hadits,Kitabul Manasikil Haji
5,13,ALIM,Hadits,Kitabul Manasikil Haji
6,13,ALIM,Hadits,Kitabul Manasikil Haji
7,13,ALIM,Hadits,Kitabul Manasikil Haji
8,13,ALIM,Hadits,Kitabul Manasikil Haji
9,13,ALIM,Hadits,Kitabul Manasikil Haji
10,13,ALIM,Hadits,Kitabul Manasikil Haji
11,13,ALIM,Hadits,Kitabul Manasikil Haji
12,13,ALIM,Hadits,Kitabul Manasikil Haji
13,13,ALIM,Hadits,Kitabul Manasikil Haji
14,13,ALIM,Hadits,Kitabul Manasikil Haji
15,13,ALIM,Hadits,Kitabul Manasikil Haji
16,13,ALIM,Hadits,Kitabul Manasikil Haji
17,13,ALIM,Hadits,Kitabul Manasikil Haji
18,13,ALIM,Hadits,Kitabul Manasikil Haji
19,13,ALIM,Hadits,Kitabul Manasikil Haji
20,13,ALIM,Hadits,Kitabul Manasikil Haji
21,13,ALIM,Hadits,Kitabul Manasikil Haji
22,13,ALIM,Hadits,Kitabul Manasikil Haji
23,13,ALIM,Hadits,Kitabul Manasikil Haji
24,13,ALIM,Hadits,Kitabul Manasikil Haji
25,13,ALIM,Hadits,Kitabul Manasikil Haji
26,13,ALIM,Hadits,Kitabul Manasikil Haji
27,13,ALIM,Hadits,Kitabul Manasikil Haji
28,13,ALIM,Hadits,Kitabul Manasikil Haji
29,13,ALIM,Hadits,Kitabul Manasikil Haji
30,13,ALIM,Hadits,Kitabul Manasikil Haji
31,13,ALIM,Hadits,Kitabul Manasikil Haji
32,13,ALIM,Hadits,Kitabul Manasikil Haji
33,13,ALIM,Hadits,Kitabul Manasikil Haji
34,13,ALIM,Hadits,Kitabul Manasikil Haji
35,13,ALIM,Hadits,Kitabul Manasikil Haji
36,13,ALIM,Hadits,Kitabul Manasikil Haji
37,13,ALIM,Hadits,Kitabul Manasikil Haji
38,13,ALIM,Hadits,Kitabul Manasikil Haji
39,13,ALIM,Hadits,Kitabul Manasikil Haji
40,13,ALIM,Hadits,Kitabul Manasikil Haji
41,13,ALIM,Hadits,Kitabul Manasikil Haji
42,13,ALIM,Hadits,Kitabul Manasikil Haji
43,13,ALIM,Hadits,Kitabul Manasikil Haji
44,13,ALIM,Hadits,Kitabul Manasikil Haji
45,13,ALIM,Hadits,Kitabul Manasikil Haji
46,13,ALIM,Hadits,Kitabul Manasikil Haji
47,13,ALIM,Hadits,Kitabul Manasikil Haji
48,13,ALIM,Hadits,Kitabul Manasikil Haji
49,13,ALIM,Hadits,Kitabul Manasikil Haji
50,13,ALIM,Hadits,Kitabul Manasikil Haji
51,13,ALIM,Hadits,Kitabul Manasikil Haji
52,13,ALIM,Hadits,Kitabul Manasikil Haji
53,13,ALIM,Hadits,Kitabul Manasikil Haji
54,13,ALIM,Hadits,Kitabul Manasikil Haji
55,13,ALIM,Hadits,Kitabul Manasikil Haji
56,13,ALIM,Hadits,Kitabul Manasikil Haji
57,13,ALIM,Hadits,Kitabul Manasikil Haji
58,13,ALIM,Hadits,Kitabul Manasikil Haji
59,13,ALIM,Hadits,Kitabul Manasikil Haji
60,13,ALIM,Hadits,Kitabul Manasikil Haji
61,13,ALIM,Hadits,Kitabul Manasikil Haji
62,13,ALIM,Hadits,Kitabul Manasikil Haji
63,13,ALIM,Hadits,Kitabul Manasikil Haji
64,13,ALIM,Hadits,Kitabul Manasikil Haji
65,13,ALIM,Hadits,Kitabul Manasikil Haji
66,13,ALIM,Hadits,Kitabul Manasikil Haji
67,13,ALIM,Hadits,Kitabul Manasikil Haji
68,13,ALIM,Hadits,Kitabul Manasikil Haji
69,13,ALIM,Hadits,Kitabul Manasikil Haji
70,13,ALIM,Hadits,Kitabul Manasikil Haji
71,13,ALIM,Hadits,Kitabul Manasikil Haji
72,13,ALIM,Hadits,Kitabul Manasikil Haji
73,13,ALIM,Hadits,Kitabul Manasikil Haji
74,13,ALIM,Hadits,Kitabul Manasikil Haji
75,13,ALIM,Hadits,Kitabul Manasikil Haji
76,13,ALIM,Hadits,Kitabul Manasikil Haji
77,13,ALIM,Hadits,Kitabul Manasikil Haji
78,13,ALIM,Hadits,Kitabul Manasikil Haji
79,13,ALIM,Hadits,Kitabul Manasikil Haji
80,13,ALIM,Hadits,Kitabul Manasikil Haji
81,13,ALIM,Hadits,Kitabul Manasikil Haji
82,13,ALIM,Hadits,Kitabul Manasikil Haji
83,13,ALIM,Hadits,Kitabul Manasikil Haji
84,13,ALIM,Hadits,Kitabul Manasikil Haji
85,13,ALIM,Hadits,Kitabul Manasikil Haji
86,13,ALIM,Hadits,Kitabul Manasikil Haji
87,13,ALIM,Hadits,Kitabul Manasikil Haji
88,13,ALIM,Hadits,Kitabul Manasikil Haji
89,13,ALIM,Hadits,Kitabul Manasikil Haji
90,13,ALIM,Hadits,Kitabul Manasikil Haji
91,13,ALIM,Hadits,Kitabul Manasikil Haji
92,13,ALIM,Hadits,Kitabul Manasikil Haji
93,13,ALIM,Hadits,Kitabul Manasikil Haji
94,13,ALIM,Hadits,Kitabul Manasikil Haji
95,13,ALIM,Hadits,Kitabul Manasikil Haji
96,13,ALIM,Hadits,Kitabul Manasikil Haji
97,13,ALIM,Hadits,Kitabul Manasikil Haji
98,13,ALIM,Hadits,Kitabul Manasikil Haji
99,13,ALIM,Hadits,Kitabul Manasikil Haji
100,13,ALIM,Hadits,Kitabul Manasikil Haji
101,13,ALIM,Hadits,Kitabul Manasikil Haji
102,13,ALIM,Hadits,Kitabul Manasikil Haji
103,13,ALIM,Hadits,Kitabul Manasikil Haji
104,13,ALIM,Hadits,Kitabul Manasikil Haji
105,13,ALIM,Hadits,Kitabul Manasikil Haji
106,13,ALIM,Hadits,Kitabul Manasikil Haji
107,13,ALIM,Hadits,Kitabul Manasikil Haji
108,13,ALIM,Hadits,Kitabul Manasikil Haji
109,13,ALIM,Hadits,Kitabul Manasikil Haji
110,13,ALIM,Hadits,Kitabul Manasikil Haji
111,13,ALIM,Hadits,Kitabul Manasikil Haji
112,13,ALIM,Hadits,Kitabul Manasikil Haji
113,13,ALIM,Hadits,Kitabul Manasikil Haji
1,13,ALIM,Hadits,Kitabunnikah
2,13,ALIM,Hadits,Kitabunnikah
3,13,ALIM,Hadits,Kitabunnikah
4,13,ALIM,Hadits,Kitabunnikah
5,13,ALIM,Hadits,Kitabunnikah
6,13,ALIM,Hadits,Kitabunnikah
7,13,ALIM,Hadits,Kitabunnikah
8,13,ALIM,Hadits,Kitabunnikah
9,13,ALIM,Hadits,Kitabunnikah
10,13,ALIM,Hadits,Kitabunnikah
11,13,ALIM,Hadits,Kitabunnikah
12,13,ALIM,Hadits,Kitabunnikah
13,13,ALIM,Hadits,Kitabunnikah
14,13,ALIM,Hadits,Kitabunnikah
15,13,ALIM,Hadits,Kitabunnikah
16,13,ALIM,Hadits,Kitabunnikah
17,13,ALIM,Hadits,Kitabunnikah
18,13,ALIM,Hadits,Kitabunnikah
19,13,ALIM,Hadits,Kitabunnikah
20,13,ALIM,Hadits,Kitabunnikah
21,13,ALIM,Hadits,Kitabunnikah
22,13,ALIM,Hadits,Kitabunnikah
23,13,ALIM,Hadits,Kitabunnikah
24,13,ALIM,Hadits,Kitabunnikah
25,13,ALIM,Hadits,Kitabunnikah
26,13,ALIM,Hadits,Kitabunnikah
27,13,ALIM,Hadits,Kitabunnikah
28,13,ALIM,Hadits,Kitabunnikah
29,13,ALIM,Hadits,Kitabunnikah
30,13,ALIM,Hadits,Kitabunnikah
31,13,ALIM,Hadits,Kitabunnikah
32,13,ALIM,Hadits,Kitabunnikah
33,13,ALIM,Hadits,Kitabunnikah
34,13,ALIM,Hadits,Kitabunnikah
35,13,ALIM,Hadits,Kitabunnikah
36,13,ALIM,Hadits,Kitabunnikah
37,13,ALIM,Hadits,Kitabunnikah
38,13,ALIM,Hadits,Kitabunnikah
39,13,ALIM,Hadits,Kitabunnikah
40,13,ALIM,Hadits,Kitabunnikah
41,13,ALIM,Hadits,Kitabunnikah
42,13,ALIM,Hadits,Kitabunnikah
43,13,ALIM,Hadits,Kitabunnikah
44,13,ALIM,Hadits,Kitabunnikah
45,13,ALIM,Hadits,Kitabunnikah
46,13,ALIM,Hadits,Kitabunnikah
47,13,ALIM,Hadits,Kitabunnikah
48,13,ALIM,Hadits,Kitabunnikah
49,13,ALIM,Hadits,Kitabunnikah
50,13,ALIM,Hadits,Kitabunnikah
51,13,ALIM,Hadits,Kitabunnikah
52,13,ALIM,Hadits,Kitabunnikah
53,13,ALIM,Hadits,Kitabunnikah
54,13,ALIM,Hadits,Kitabunnikah
55,13,ALIM,Hadits,Kitabunnikah
56,13,ALIM,Hadits,Kitabunnikah
57,13,ALIM,Hadits,Kitabunnikah
58,13,ALIM,Hadits,Kitabunnikah
59,13,ALIM,Hadits,Kitabunnikah
60,13,ALIM,Hadits,Kitabunnikah
61,13,ALIM,Hadits,Kitabunnikah
62,13,ALIM,Hadits,Kitabunnikah
63,13,ALIM,Hadits,Kitabunnikah
64,13,ALIM,Hadits,Kitabunnikah
65,13,ALIM,Hadits,Kitabunnikah
66,13,ALIM,Hadits,Kitabunnikah
67,13,ALIM,Hadits,Kitabunnikah
68,13,ALIM,Hadits,Kitabunnikah
69,13,ALIM,Hadits,Kitabunnikah
70,13,ALIM,Hadits,Kitabunnikah
71,13,ALIM,Hadits,Kitabunnikah
72,13,ALIM,Hadits,Kitabunnikah
73,13,ALIM,Hadits,Kitabunnikah
74,13,ALIM,Hadits,Kitabunnikah
75,13,ALIM,Hadits,Kitabunnikah
76,13,ALIM,Hadits,Kitabunnikah
77,13,ALIM,Hadits,Kitabunnikah
78,13,ALIM,Hadits,Kitabunnikah
79,13,ALIM,Hadits,Kitabunnikah
80,13,ALIM,Hadits,Kitabunnikah
81,13,ALIM,Hadits,Kitabunnikah
82,13,ALIM,Hadits,Kitabunnikah
83,13,ALIM,Hadits,Kitabunnikah
84,13,ALIM,Hadits,Kitabunnikah
85,13,ALIM,Hadits,Kitabunnikah
86,13,ALIM,Hadits,Kitabunnikah
87,13,ALIM,Hadits,Kitabunnikah
88,13,ALIM,Hadits,Kitabunnikah
89,13,ALIM,Hadits,Kitabunnikah
90,13,ALIM,Hadits,Kitabunnikah
91,13,ALIM,Hadits,Kitabunnikah
92,13,ALIM,Hadits,Kitabunnikah
93,13,ALIM,Hadits,Kitabunnikah
94,13,ALIM,Hadits,Kitabunnikah
95,13,ALIM,Hadits,Kitabunnikah
96,13,ALIM,Hadits,Kitabunnikah
97,13,ALIM,Hadits,Kitabunnikah
98,13,ALIM,Hadits,Kitabunnikah
99,13,ALIM,Hadits,Kitabunnikah
100,13,ALIM,Hadits,Kitabunnikah
101,13,ALIM,Hadits,Kitabunnikah
102,13,ALIM,Hadits,Kitabunnikah
103,13,ALIM,Hadits,Kitabunnikah
104,13,ALIM,Hadits,Kitabunnikah
105,13,ALIM,Hadits,Kitabunnikah
106,13,ALIM,Hadits,Kitabunnikah
107,13,ALIM,Hadits,Kitabunnikah
108,13,ALIM,Hadits,Kitabunnikah
109,13,ALIM,Hadits,Kitabunnikah
110,13,ALIM,Hadits,Kitabunnikah